parent,name,label,line,Review
tpcapp,ProductDetail,VxA,64,0
tpcapp,NewProducts,VxA,81,1
tpcapp,NewCustomer,VxA,101,1
tpcapp,NewCustomer,VxA,123,0
tpcapp,NewCustomer,VxA,138,1
tpcapp,NewCustomer,VxA,158,1
tpcapp,NewCustomer,VxA,176,0
tpcapp,NewCustomer,VxA,197,1
tpcapp,ChangePaymentMethod,VxA,79,1
tpcapp,ChangePaymentMethod,VxA,89,0
tpcc,Delivery,VxA,51,1
tpcc,Delivery,VxA,75,1
tpcc,Delivery,VxA,99,1
tpcc,Delivery,VxA,123,1
tpcc,Delivery,VxA,138,1
tpcc,Delivery,VxA,154,1
tpcc,Delivery,VxA,176,1
tpcc,NewOrder,VxA,56,1
tpcc,NewOrder,VxA,81,1
tpcc,NewOrder,VxA,103,1
tpcc,NewOrder,VxA,119,1
tpcc,NewOrder,VxA,144,1
tpcc,NewOrder,VxA,158,0
tpcc,NewOrder,VxA,181,0
tpcc,NewOrder,VxA,228,0
tpcc,NewOrder,VxA,301,0
tpcc,OrderStatus,VxA,46,1
tpcc,OrderStatus,VxA,66,1
tpcc,OrderStatus,VxA,96,1
tpcc,OrderStatus,VxA,122,1
tpcc,OrderStatus,VxA,143,1
tpcc,Payment,VxA,43,1
tpcc,Payment,VxA,57,1
tpcc,Payment,VxA,78,1
tpcc,Payment,VxA,91,1
tpcc,Payment,VxA,115,1
tpcc,Payment,VxA,136,1
tpcc,Payment,VxA,177,1
tpcc,Payment,VxA,212,1
tpcc,Payment,VxA,241,1
tpcc,Payment,VxA,257,1
tpcc,Payment,VxA,290,1
tpcc,StockLevel,VxA,33,1
tpcc,StockLevel,VxA,57,1
tpcw,AdminUpdate,VxA,25,1
tpcw,AdminUpdate,VxA,31,0
tpcw,AdminUpdate,VxA,64,0
tpcw,CreateNewCustomer,VxA,62,0
tpcw,CreateNewCustomer,VxA,78,1
tpcw,CreateNewCustomer,VxA,102,0
tpcw,CreateNewCustomer,VxA,103,1
tpcw,CreateNewCustomer,VxA,113,1
tpcw,CreateNewCustomer,VxA,125,0
tpcw,CreateNewCustomer,VxA,132,1
tpcw,CreateShoppingCart,VxA,32,0
tpcw,CreateShoppingCart,VxA,37,0
tpcw,CreateShoppingCart,VxA,79,0
tpcw,CreateShoppingCart,VxA,86,0
tpcw,CreateShoppingCart,VxA,93,0
tpcw,CreateShoppingCart,VxA,113,0
tpcw,CreateShoppingCart,VxA,117,0
tpcw,CreateShoppingCart,VxA,132,0
tpcw,CreateShoppingCart,VxA,153,0
tpcw,CreateShoppingCart,VxA,168,0
tpcw,CreateShoppingCart,VxA,179,0
tpcw,DoAuthorSearch,VxA,29,1
tpcw,DoSubjectSearch,VxA,29,1
tpcw,DoTitleSearch,VxA,27,1
tpcw,GetBestSellers,VxA,26,1
tpcw,GetCustomer,VxA,26,1
tpcw,GetMostRecentOrder,VxA,39,1
tpcw,GetMostRecentOrder,VxA,68,0
tpcw,GetMostRecentOrder,VxA,115,0
tpcw,GetNewProducts,VxA,29,1
tpcw,GetPassword,VxA,26,1
tpcw,GetUsername,VxA,32,0
tpcapp,NewCustomer,Vx101,101,1
tpcapp,NewCustomer,Vx101,123,0
tpcapp,NewCustomer,Vx101,138,0
tpcapp,NewCustomer,Vx101,158,0
tpcapp,NewCustomer,Vx101,176,0
tpcapp,NewCustomer,Vx101,197,0
tpcapp,NewCustomer,Vx138,138,0
tpcapp,NewCustomer,Vx138,123,0
tpcapp,NewCustomer,Vx138,138,1
tpcapp,NewCustomer,Vx138,158,0
tpcapp,NewCustomer,Vx138,176,0
tpcapp,NewCustomer,Vx138,197,0
tpcapp,NewCustomer,Vx158,158,0
tpcapp,NewCustomer,Vx158,123,0
tpcapp,NewCustomer,Vx158,138,0
tpcapp,NewCustomer,Vx158,158,1
tpcapp,NewCustomer,Vx101,176,0
tpcapp,NewCustomer,Vx158,197,0
tpcapp,NewCustomer,Vx197,197,0
tpcapp,NewCustomer,Vx197,123,0
tpcapp,NewCustomer,Vx197,138,0
tpcapp,NewCustomer,Vx197,158,0
tpcapp,NewCustomer,Vx197,176,0
tpcapp,NewCustomer,Vx197,197,1
tpcc,Delivery,Vx051,51,1
tpcc,Delivery,Vx051,75,0
tpcc,Delivery,Vx051,99,0
tpcc,Delivery,Vx051,123,0
tpcc,Delivery,Vx051,138,0
tpcc,Delivery,Vx051,154,0
tpcc,Delivery,Vx051,176,0
tpcc,Delivery,Vx075,51,0
tpcc,Delivery,Vx075,75,1
tpcc,Delivery,Vx075,99,0
tpcc,Delivery,Vx075,123,0
tpcc,Delivery,Vx075,138,0
tpcc,Delivery,Vx075,154,0
tpcc,Delivery,Vx075,176,0
tpcc,Delivery,Vx099,51,0
tpcc,Delivery,Vx099,75,0
tpcc,Delivery,Vx099,99,1
tpcc,Delivery,Vx099,123,0
tpcc,Delivery,Vx099,138,0
tpcc,Delivery,Vx099,154,0
tpcc,Delivery,Vx099,176,0
tpcc,Delivery,Vx123,51,0
tpcc,Delivery,Vx123,75,0
tpcc,Delivery,Vx123,99,0
tpcc,Delivery,Vx123,123,1
tpcc,Delivery,Vx123,138,0
tpcc,Delivery,Vx123,154,0
tpcc,Delivery,Vx123,176,0
tpcc,Delivery,Vx138,51,0
tpcc,Delivery,Vx138,75,0
tpcc,Delivery,Vx138,99,0
tpcc,Delivery,Vx138,123,0
tpcc,Delivery,Vx138,138,1
tpcc,Delivery,Vx138,154,0
tpcc,Delivery,Vx138,176,0
tpcc,Delivery,Vx154,51,0
tpcc,Delivery,Vx154,75,0
tpcc,Delivery,Vx154,99,0
tpcc,Delivery,Vx154,123,0
tpcc,Delivery,Vx154,138,0
tpcc,Delivery,Vx154,154,1
tpcc,Delivery,Vx154,176,0
tpcc,Delivery,Vx176,51,0
tpcc,Delivery,Vx176,75,0
tpcc,Delivery,Vx176,99,0
tpcc,Delivery,Vx176,123,0
tpcc,Delivery,Vx176,138,0
tpcc,Delivery,Vx176,154,0
tpcc,Delivery,Vx176,176,1
tpcc,NewOrder,Vx056,56,1
tpcc,NewOrder,Vx056,81,0
tpcc,NewOrder,Vx056,103,0
tpcc,NewOrder,Vx056,119,0
tpcc,NewOrder,Vx056,144,0
tpcc,NewOrder,Vx056,158,0
tpcc,NewOrder,Vx056,181,0
tpcc,NewOrder,Vx056,228,0
tpcc,NewOrder,Vx056,301,0
tpcc,NewOrder,Vx081,56,0
tpcc,NewOrder,Vx081,81,1
tpcc,NewOrder,Vx081,103,0
tpcc,NewOrder,Vx081,119,0
tpcc,NewOrder,Vx081,144,0
tpcc,NewOrder,Vx081,158,0
tpcc,NewOrder,Vx081,181,0
tpcc,NewOrder,Vx081,228,0
tpcc,NewOrder,Vx081,301,0
tpcc,NewOrder,Vx103,56,0
tpcc,NewOrder,Vx103,81,0
tpcc,NewOrder,Vx103,103,1
tpcc,NewOrder,Vx103,119,0
tpcc,NewOrder,Vx103,144,0
tpcc,NewOrder,Vx103,158,0
tpcc,NewOrder,Vx103,181,0
tpcc,NewOrder,Vx103,228,0
tpcc,NewOrder,Vx103,301,0
tpcc,NewOrder,Vx119,56,0
tpcc,NewOrder,Vx119,81,0
tpcc,NewOrder,Vx119,103,0
tpcc,NewOrder,Vx119,119,1
tpcc,NewOrder,Vx119,144,0
tpcc,NewOrder,Vx119,158,0
tpcc,NewOrder,Vx119,181,0
tpcc,NewOrder,Vx119,228,0
tpcc,NewOrder,Vx119,301,0
tpcc,NewOrder,Vx144,56,0
tpcc,NewOrder,Vx144,81,0
tpcc,NewOrder,Vx144,103,0
tpcc,NewOrder,Vx144,119,0
tpcc,NewOrder,Vx144,144,1
tpcc,NewOrder,Vx144,158,0
tpcc,NewOrder,Vx144,181,0
tpcc,NewOrder,Vx144,228,0
tpcc,NewOrder,Vx144,301,0
tpcc,OrderStatus,Vx046,46,1
tpcc,OrderStatus,Vx046,66,0
tpcc,OrderStatus,Vx046,96,0
tpcc,OrderStatus,Vx046,122,0
tpcc,OrderStatus,Vx046,143,0
tpcc,OrderStatus,Vx066,46,0
tpcc,OrderStatus,Vx066,66,1
tpcc,OrderStatus,Vx066,96,0
tpcc,OrderStatus,Vx066,122,0
tpcc,OrderStatus,Vx066,143,0
tpcc,OrderStatus,Vx096,46,0
tpcc,OrderStatus,Vx096,66,0
tpcc,OrderStatus,Vx096,96,1
tpcc,OrderStatus,Vx096,122,0
tpcc,OrderStatus,Vx096,143,0
tpcc,OrderStatus,Vx122,46,0
tpcc,OrderStatus,Vx122,66,0
tpcc,OrderStatus,Vx122,96,0
tpcc,OrderStatus,Vx122,122,1
tpcc,OrderStatus,Vx122,143,0
tpcc,OrderStatus,Vx143,46,0
tpcc,OrderStatus,Vx143,66,0
tpcc,OrderStatus,Vx143,96,0
tpcc,OrderStatus,Vx143,122,0
tpcc,OrderStatus,Vx143,143,1
tpcc,Payment,Vx043,43,1
tpcc,Payment,Vx043,57,0
tpcc,Payment,Vx043,78,0
tpcc,Payment,Vx043,91,0
tpcc,Payment,Vx043,115,0
tpcc,Payment,Vx043,136,0
tpcc,Payment,Vx043,177,0
tpcc,Payment,Vx043,212,0
tpcc,Payment,Vx043,241,0
tpcc,Payment,Vx043,257,0
tpcc,Payment,Vx043,290,0
tpcc,Payment,Vx057,43,0
tpcc,Payment,Vx057,57,1
tpcc,Payment,Vx057,78,0
tpcc,Payment,Vx057,91,0
tpcc,Payment,Vx057,115,0
tpcc,Payment,Vx057,136,0
tpcc,Payment,Vx057,177,0
tpcc,Payment,Vx057,212,0
tpcc,Payment,Vx057,241,0
tpcc,Payment,Vx057,257,0
tpcc,Payment,Vx057,290,0
tpcc,Payment,Vx078,43,0
tpcc,Payment,Vx078,57,0
tpcc,Payment,Vx078,78,1
tpcc,Payment,Vx078,91,0
tpcc,Payment,Vx078,115,0
tpcc,Payment,Vx078,136,0
tpcc,Payment,Vx078,177,0
tpcc,Payment,Vx078,212,0
tpcc,Payment,Vx078,241,0
tpcc,Payment,Vx078,257,0
tpcc,Payment,Vx078,290,0
tpcc,Payment,Vx091,43,0
tpcc,Payment,Vx091,57,0
tpcc,Payment,Vx091,78,0
tpcc,Payment,Vx091,91,1
tpcc,Payment,Vx091,115,0
tpcc,Payment,Vx091,136,0
tpcc,Payment,Vx091,177,0
tpcc,Payment,Vx091,212,0
tpcc,Payment,Vx091,241,0
tpcc,Payment,Vx091,257,0
tpcc,Payment,Vx091,290,0
tpcc,Payment,Vx115,43,0
tpcc,Payment,Vx115,57,0
tpcc,Payment,Vx115,78,0
tpcc,Payment,Vx115,91,0
tpcc,Payment,Vx115,115,1
tpcc,Payment,Vx115,136,0
tpcc,Payment,Vx115,177,0
tpcc,Payment,Vx115,212,0
tpcc,Payment,Vx115,241,0
tpcc,Payment,Vx115,257,0
tpcc,Payment,Vx115,290,0
tpcc,Payment,Vx136,43,0
tpcc,Payment,Vx136,57,0
tpcc,Payment,Vx136,78,0
tpcc,Payment,Vx136,91,0
tpcc,Payment,Vx136,115,0
tpcc,Payment,Vx136,136,1
tpcc,Payment,Vx136,177,0
tpcc,Payment,Vx136,212,0
tpcc,Payment,Vx136,241,0
tpcc,Payment,Vx136,257,0
tpcc,Payment,Vx136,290,0
tpcc,Payment,Vx177,43,0
tpcc,Payment,Vx177,57,0
tpcc,Payment,Vx177,78,0
tpcc,Payment,Vx177,91,0
tpcc,Payment,Vx177,115,0
tpcc,Payment,Vx177,136,0
tpcc,Payment,Vx177,177,1
tpcc,Payment,Vx177,212,0
tpcc,Payment,Vx177,241,0
tpcc,Payment,Vx177,257,0
tpcc,Payment,Vx177,290,0
tpcc,Payment,VX212,43,0
tpcc,Payment,VX212,57,0
tpcc,Payment,VX212,78,0
tpcc,Payment,VX212,91,0
tpcc,Payment,VX212,115,0
tpcc,Payment,VX212,136,0
tpcc,Payment,VX212,177,0
tpcc,Payment,VX212,212,1
tpcc,Payment,VX212,241,0
tpcc,Payment,VX212,257,0
tpcc,Payment,VX212,290,0
tpcc,Payment,VX241,43,0
tpcc,Payment,VX241,57,0
tpcc,Payment,VX241,78,0
tpcc,Payment,VX241,91,0
tpcc,Payment,VX241,115,0
tpcc,Payment,VX241,136,0
tpcc,Payment,VX241,177,0
tpcc,Payment,VX241,212,0
tpcc,Payment,VX241,241,1
tpcc,Payment,VX241,257,0
tpcc,Payment,VX241,290,0
tpcc,Payment,VX257,43,0
tpcc,Payment,VX257,57,0
tpcc,Payment,VX257,78,0
tpcc,Payment,VX257,91,0
tpcc,Payment,VX257,115,0
tpcc,Payment,VX257,136,0
tpcc,Payment,VX257,177,0
tpcc,Payment,VX257,212,0
tpcc,Payment,VX257,241,0
tpcc,Payment,VX257,257,1
tpcc,Payment,VX257,290,0
tpcc,Payment,VX290,43,0
tpcc,Payment,VX212,57,0
tpcc,Payment,VX290,78,0
tpcc,Payment,VX290,91,0
tpcc,Payment,VX290,115,0
tpcc,Payment,VX290,136,0
tpcc,Payment,VX290,177,0
tpcc,Payment,VX290,212,0
tpcc,Payment,VX290,241,0
tpcc,Payment,VX290,257,0
tpcc,Payment,VX290,290,1
tpcc,StockLevel,Vx033,33,1
tpcc,StockLevel,Vx033,57,0
tpcc,StockLevel,Vx033,57,1
tpcw,CreateNewCustomer,Vx078,62,0
tpcw,CreateNewCustomer,Vx078,78,1
tpcw,CreateNewCustomer,Vx078,103,0
tpcw,CreateNewCustomer,Vx078,113,0
tpcw,CreateNewCustomer,Vx078,125,0
tpcw,CreateNewCustomer,Vx078,132,0
tpcw,CreateNewCustomer,Vx103,62,0
tpcw,CreateNewCustomer,Vx103,78,0
tpcw,CreateNewCustomer,Vx103,103,1
tpcw,CreateNewCustomer,Vx103,113,0
tpcw,CreateNewCustomer,Vx103,125,0
tpcw,CreateNewCustomer,Vx103,132,0
tpcw,CreateNewCustomer,Vx113,62,0
tpcw,CreateNewCustomer,Vx113,78,0
tpcw,CreateNewCustomer,Vx113,103,0
tpcw,CreateNewCustomer,Vx113,113,1
tpcw,CreateNewCustomer,Vx113,125,0
tpcw,CreateNewCustomer,Vx113,132,0
tpcw,CreateNewCustomer,Vx132,62,0
tpcw,CreateNewCustomer,Vx132,78,0
tpcw,CreateNewCustomer,Vx132,103,0
tpcw,CreateNewCustomer,Vx132,113,0
tpcw,CreateNewCustomer,Vx132,125,0
tpcw,CreateNewCustomer,Vx132,132,1
tpcapp,ProductDetail,Vx0,64,0
tpcapp,NewProducts,Vx0,81,0
tpcapp,NewCustomer,Vx0,101,0
tpcapp,NewCustomer,Vx0,123,0
tpcapp,NewCustomer,Vx0,138,0
tpcapp,NewCustomer,Vx0,158,0
tpcapp,NewCustomer,Vx0,176,0
tpcapp,NewCustomer,Vx0,197,0
tpcapp,ChangePaymentMethod,Vx0,79,0
tpcapp,ChangePaymentMethod,Vx0,89,0
tpcc,Delivery,Vx0,51,0
tpcc,Delivery,Vx0,75,0
tpcc,Delivery,Vx0,99,0
tpcc,Delivery,Vx0,123,0
tpcc,Delivery,Vx0,138,0
tpcc,Delivery,Vx0,154,0
tpcc,Delivery,Vx0,176,0
tpcc,NewOrder,Vx0,56,0
tpcc,NewOrder,Vx0,81,0
tpcc,NewOrder,Vx0,103,0
tpcc,NewOrder,Vx0,119,0
tpcc,NewOrder,Vx0,144,0
tpcc,NewOrder,Vx0,158,0
tpcc,NewOrder,Vx0,181,0
tpcc,NewOrder,Vx0,228,0
tpcc,NewOrder,Vx0,301,0
tpcc,OrderStatus,Vx0,46,0
tpcc,OrderStatus,Vx0,66,0
tpcc,OrderStatus,Vx0,96,0
tpcc,OrderStatus,Vx0,122,0
tpcc,OrderStatus,Vx0,143,0
tpcc,Payment,Vx0,43,0
tpcc,Payment,Vx0,57,0
tpcc,Payment,Vx0,78,0
tpcc,Payment,Vx0,91,0
tpcc,Payment,Vx0,115,0
tpcc,Payment,Vx0,136,0
tpcc,Payment,Vx0,177,0
tpcc,Payment,Vx0,212,0
tpcc,Payment,Vx0,241,0
tpcc,Payment,Vx0,257,0
tpcc,Payment,Vx0,290,0
tpcc,StockLevel,Vx0,33,0
tpcc,StockLevel,Vx0,57,0
tpcw,AdminUpdate,Vx0,32,0
tpcw,AdminUpdate,Vx0,38,0
tpcw,AdminUpdate,Vx0,71,0
tpcw,CreateNewCustomer,Vx0,62,0
tpcw,CreateNewCustomer,Vx0,78,0
tpcw,CreateNewCustomer,Vx0,103,0
tpcw,CreateNewCustomer,Vx0,113,0
tpcw,CreateNewCustomer,Vx0,125,0
tpcw,CreateNewCustomer,Vx0,132,0
tpcw,CreateShoppingCart,Vx0,43,0
tpcw,CreateShoppingCart,Vx0,48,0
tpcw,CreateShoppingCart,Vx0,94,0
tpcw,CreateShoppingCart,Vx0,101,0
tpcw,CreateShoppingCart,Vx0,108,0
tpcw,CreateShoppingCart,Vx0,128,0
tpcw,CreateShoppingCart,Vx0,132,0
tpcw,CreateShoppingCart,Vx0,147,0
tpcw,CreateShoppingCart,Vx0,168,0
tpcw,CreateShoppingCart,Vx0,183,0
tpcw,CreateShoppingCart,Vx0,194,0
tpcw,DoAuthorSearch,Vx0,34,0
tpcw,DoSubjectSearch,Vx0,35,0
tpcw,DoTitleSearch,Vx0,35,0
tpcw,GetBestSellers,Vx0,37,0
tpcw,GetCustomer,Vx0,33,0
tpcw,GetMostRecentOrder,Vx0,39,0
tpcw,GetMostRecentOrder,Vx0,68,0
tpcw,GetMostRecentOrder,Vx0,115,0
tpcw,GetNewProducts,Vx0,35,0
tpcw,GetPassword,Vx0,32,0
tpcw,GetUsername,Vx0,32,0