caller_class,caller_method,callee_fqn,callee_simple,kind
,LongWrapper,getValue,getValue,external
,LongWrapper,setValue,setValue,external
,Pov,call,call,external
,ChangePaymentMethod,changePaymentMethod_Vx0,changePaymentMethod_Vx0,external
,ChangePaymentMethod,changePaymentMethod_VxA,changePaymentMethod_VxA,external
,NewCustomer,newCustomer_Vx0,newCustomer_Vx0,external
,NewCustomer,newCustomer_Vx101,newCustomer_Vx101,external
,NewCustomer,newCustomer_Vx138,newCustomer_Vx138,external
,NewCustomer,newCustomer_Vx158,newCustomer_Vx158,external
,NewCustomer,newCustomer_Vx197,newCustomer_Vx197,external
,NewCustomer,newCustomer_VxA,newCustomer_VxA,external
,NewProducts,newProducts_Vx0,newProducts_Vx0,external
,NewProducts,newProducts_VxA,newProducts_VxA,external
,ProductDetail,productDetail_Vx0,productDetail_Vx0,external
,ProductDetail,productDetail_VxA,productDetail_VxA,external
,ChangePaymentMethodInput,getCreditInfo,getCreditInfo,external
,ChangePaymentMethodInput,setCreditInfo,setCreditInfo,external
,ChangePaymentMethodInput,getCustomerId,getCustomerId,external
,ChangePaymentMethodInput,setCustomerId,setCustomerId,external
,ChangePaymentMethodInput,getPaymentMethod,getPaymentMethod,external
,ChangePaymentMethodInput,setPaymentMethod,setPaymentMethod,external
,ChangePaymentMethodInput,getPoId,getPoId,external
,ChangePaymentMethodInput,setPoId,setPoId,external
,ChangePaymentMethodInput,getThreadId,getThreadId,external
,ChangePaymentMethodInput,setThreadId,setThreadId,external
,NewCustomerInput,getBillingAddr1,getBillingAddr1,external
,NewCustomerInput,setBillingAddr1,setBillingAddr1,external
,NewCustomerInput,getBillingAddr2,getBillingAddr2,external
,NewCustomerInput,setBillingAddr2,setBillingAddr2,external
,NewCustomerInput,getBillingCity,getBillingCity,external
,NewCustomerInput,setBillingCity,setBillingCity,external
,NewCustomerInput,getBillingCountry,getBillingCountry,external
,NewCustomerInput,setBillingCountry,setBillingCountry,external
,NewCustomerInput,getBillingState,getBillingState,external
,NewCustomerInput,setBillingState,setBillingState,external
,NewCustomerInput,getBillingZip,getBillingZip,external
,NewCustomerInput,setBillingZip,setBillingZip,external
,NewCustomerInput,getBusinessInfo,getBusinessInfo,external
,NewCustomerInput,setBusinessInfo,setBusinessInfo,external
,NewCustomerInput,getBusinessName,getBusinessName,external
,NewCustomerInput,setBusinessName,setBusinessName,external
,NewCustomerInput,getContactEmail,getContactEmail,external
,NewCustomerInput,setContactEmail,setContactEmail,external
,NewCustomerInput,getContactFName,getContactFName,external
,NewCustomerInput,setContactFName,setContactFName,external
,NewCustomerInput,getContactLName,getContactLName,external
,NewCustomerInput,setContactLName,setContactLName,external
,NewCustomerInput,getContactPhone,getContactPhone,external
,NewCustomerInput,setContactPhone,setContactPhone,external
,NewCustomerInput,getCreditInfo,getCreditInfo,external
,NewCustomerInput,setCreditInfo,setCreditInfo,external
,NewCustomerInput,getPassword,getPassword,external
,NewCustomerInput,setPassword,setPassword,external
,NewCustomerInput,getPaymentMethod,getPaymentMethod,external
,NewCustomerInput,setPaymentMethod,setPaymentMethod,external
,NewCustomerInput,getPoId,getPoId,external
,NewCustomerInput,setPoId,setPoId,external
,NewCustomerInput,getThreadId,getThreadId,external
,NewCustomerInput,setThreadId,setThreadId,external
,NewProductsInput,getCutOffDuration,getCutOffDuration,external
,NewProductsInput,setCutOffDuration,setCutOffDuration,external
,NewProductsInput,getItemLimit,getItemLimit,external
,NewProductsInput,setItemLimit,setItemLimit,external
,NewProductsInput,getSubjectString,getSubjectString,external
,NewProductsInput,setSubjectString,setSubjectString,external
,ProductDetailInput,getItemIds,getItemIds,external
,ProductDetailInput,setItemIds,setItemIds,external
,ChangePaymentMethodOutput,getCurrPaymentMethod,getCurrPaymentMethod,external
,ChangePaymentMethodOutput,setCurrPaymentMethod,setCurrPaymentMethod,external
,NewCustomerOutput,getCustomerId,getCustomerId,external
,NewCustomerOutput,setCustomerId,setCustomerId,external
,NewProduct,getAuthorFName,getAuthorFName,external
,NewProduct,setAuthorFName,setAuthorFName,external
,NewProduct,getAuthorLName,getAuthorLName,external
,NewProduct,setAuthorLName,setAuthorLName,external
,NewProduct,getItemId,getItemId,external
,NewProduct,setItemId,setItemId,external
,NewProduct,getItemTitle,getItemTitle,external
,NewProduct,setItemTitle,setItemTitle,external
,NewProductsOutput,getNewProductsList,getNewProductsList,external
,NewProductsOutput,setNewProductsList,setNewProductsList,external
,ProductDetailOutput,getDetailedProductsList,getDetailedProductsList,external
,ProductDetailOutput,setDetailedProductsList,setDetailedProductsList,external
,ProductDetailPojo,getAuthorFName,getAuthorFName,external
,ProductDetailPojo,setAuthorFName,setAuthorFName,external
,ProductDetailPojo,getAuthorLName,getAuthorLName,external
,ProductDetailPojo,setAuthorLName,setAuthorLName,external
,ProductDetailPojo,getItemAvail,getItemAvail,external
,ProductDetailPojo,setItemAvail,setItemAvail,external
,ProductDetailPojo,getItemBacking,getItemBacking,external
,ProductDetailPojo,setItemBacking,setItemBacking,external
,ProductDetailPojo,getItemCost,getItemCost,external
,ProductDetailPojo,setItemCost,setItemCost,external
,ProductDetailPojo,getItemDesc,getItemDesc,external
,ProductDetailPojo,setItemDesc,setItemDesc,external
,ProductDetailPojo,getItemDimensions,getItemDimensions,external
,ProductDetailPojo,setItemDimensions,setItemDimensions,external
,ProductDetailPojo,getItemId,getItemId,external
,ProductDetailPojo,setItemId,setItemId,external
,ProductDetailPojo,getItemIsbn,getItemIsbn,external
,ProductDetailPojo,setItemIsbn,setItemIsbn,external
,ProductDetailPojo,getItemPage,getItemPage,external
,ProductDetailPojo,setItemPage,setItemPage,external
,ProductDetailPojo,getItemPubDate,getItemPubDate,external
,ProductDetailPojo,setItemPubDate,setItemPubDate,external
,ProductDetailPojo,getItemPublisher,getItemPublisher,external
,ProductDetailPojo,setItemPublisher,setItemPublisher,external
,ProductDetailPojo,getItemSrp,getItemSrp,external
,ProductDetailPojo,setItemSrp,setItemSrp,external
,ProductDetailPojo,getItemSubject,getItemSubject,external
,ProductDetailPojo,setItemSubject,setItemSubject,external
,ProductDetailPojo,getItemTitle,getItemTitle,external
,ProductDetailPojo,setItemTitle,setItemTitle,external
,ProductDetailPojo,getImageBytes,getImageBytes,external
,ProductDetailPojo,setImageBytes,setImageBytes,external
,ChangePaymentMethod_Vx0,process,process,external
,ChangePaymentMethod_Vx0,updateCPM,updateCPM,external
,ChangePaymentMethod_Vx0,getBusiName,getBusiName,external
,ChangePaymentMethod_VxA,process,process,external
,ChangePaymentMethod_VxA,updateCPM,updateCPM,external
,ChangePaymentMethod_VxA,getBusiName,getBusiName,external
,NewCustomer_Vx0,process,process,external
,NewCustomer_Vx0,getAddressID,getAddressID,external
,NewCustomer_Vx0,createAddress,createAddress,external
,NewCustomer_Vx0,getCOID,getCOID,external
,NewCustomer_Vx0,insertCostumer,insertCostumer,external
,NewCustomer_Vx101,process,process,external
,NewCustomer_Vx101,getAddressID,getAddressID,external
,NewCustomer_Vx101,createAddress,createAddress,external
,NewCustomer_Vx101,getCOID,getCOID,external
,NewCustomer_Vx101,insertCostumer,insertCostumer,external
,NewCustomer_Vx138,process,process,external
,NewCustomer_Vx138,getAddressID,getAddressID,external
,NewCustomer_Vx138,createAddress,createAddress,external
,NewCustomer_Vx138,getCOID,getCOID,external
,NewCustomer_Vx138,insertCostumer,insertCostumer,external
,NewCustomer_Vx158,process,process,external
,NewCustomer_Vx158,getAddressID,getAddressID,external
,NewCustomer_Vx158,createAddress,createAddress,external
,NewCustomer_Vx158,getCOID,getCOID,external
,NewCustomer_Vx158,insertCostumer,insertCostumer,external
,NewCustomer_Vx197,process,process,external
,NewCustomer_Vx197,getAddressID,getAddressID,external
,NewCustomer_Vx197,createAddress,createAddress,external
,NewCustomer_Vx197,getCOID,getCOID,external
,NewCustomer_Vx197,insertCostumer,insertCostumer,external
,NewCustomer_VxA,process,process,external
,NewCustomer_VxA,getAddressID,getAddressID,external
,NewCustomer_VxA,createAddress,createAddress,external
,NewCustomer_VxA,getCOID,getCOID,external
,NewCustomer_VxA,insertCostumer,insertCostumer,external
,NewProducts_Vx0,process,process,external
,NewProducts_Vx0,getData,getData,external
,NewProducts_VxA,process,process,external
,NewProducts_VxA,getData,getData,external
,ProductDetail_Vx0,process,process,external
,ProductDetail_Vx0,getData,getData,external
,ProductDetail_VxA,process,process,external
,ProductDetail_VxA,getData,getData,external
,Delivery,deliveryTransaction_Vx0,deliveryTransaction_Vx0,external
,Delivery,deliveryTransaction_VxA,deliveryTransaction_VxA,external
,Delivery,deliveryTransaction_Vx051,deliveryTransaction_Vx051,external
,Delivery,deliveryTransaction_Vx075,deliveryTransaction_Vx075,external
,Delivery,deliveryTransaction_Vx099,deliveryTransaction_Vx099,external
,Delivery,deliveryTransaction_Vx123,deliveryTransaction_Vx123,external
,Delivery,deliveryTransaction_Vx138,deliveryTransaction_Vx138,external
,Delivery,deliveryTransaction_Vx154,deliveryTransaction_Vx154,external
,Delivery,deliveryTransaction_Vx176,deliveryTransaction_Vx176,external
,NewOrder,newOrderTransaction_Vx0,newOrderTransaction_Vx0,external
,NewOrder,newOrderTransaction_VxA,newOrderTransaction_VxA,external
,NewOrder,newOrderTransaction_Vx056,newOrderTransaction_Vx056,external
,NewOrder,newOrderTransaction_Vx081,newOrderTransaction_Vx081,external
,NewOrder,newOrderTransaction_Vx103,newOrderTransaction_Vx103,external
,NewOrder,newOrderTransaction_Vx119,newOrderTransaction_Vx119,external
,NewOrder,newOrderTransaction_Vx144,newOrderTransaction_Vx144,external
,OrderStatus,orderStatusTransaction_Vx0,orderStatusTransaction_Vx0,external
,OrderStatus,orderStatusTransaction_VxA,orderStatusTransaction_VxA,external
,OrderStatus,orderStatusTransaction_Vx046,orderStatusTransaction_Vx046,external
,OrderStatus,orderStatusTransaction_Vx066,orderStatusTransaction_Vx066,external
,OrderStatus,orderStatusTransaction_Vx096,orderStatusTransaction_Vx096,external
,OrderStatus,orderStatusTransaction_Vx122,orderStatusTransaction_Vx122,external
,OrderStatus,orderStatusTransaction_Vx143,orderStatusTransaction_Vx143,external
,Payment,paymentTransaction_Vx0,paymentTransaction_Vx0,external
,Payment,paymentTransaction_VxA,paymentTransaction_VxA,external
,Payment,paymentTransaction_Vx043,paymentTransaction_Vx043,external
,Payment,paymentTransaction_Vx057,paymentTransaction_Vx057,external
,Payment,paymentTransaction_Vx078,paymentTransaction_Vx078,external
,Payment,paymentTransaction_Vx091,paymentTransaction_Vx091,external
,Payment,paymentTransaction_Vx115,paymentTransaction_Vx115,external
,Payment,paymentTransaction_Vx136,paymentTransaction_Vx136,external
,Payment,paymentTransaction_Vx177,paymentTransaction_Vx177,external
,Payment,paymentTransaction_Vx212,paymentTransaction_Vx212,external
,Payment,paymentTransaction_Vx241,paymentTransaction_Vx241,external
,Payment,paymentTransaction_Vx257,paymentTransaction_Vx257,external
,Payment,paymentTransaction_Vx290,paymentTransaction_Vx290,external
,StockLevel,stockLevelTransaction_Vx0,stockLevelTransaction_Vx0,external
,StockLevel,stockLevelTransaction_Vx033,stockLevelTransaction_Vx033,external
,StockLevel,stockLevelTransaction_Vx057,stockLevelTransaction_Vx057,external
,StockLevel,stockLevelTransaction_VxA,stockLevelTransaction_VxA,external
,DeliveryResult,getW_id,getW_id,external
,DeliveryResult,getO_carrier_id,getO_carrier_id,external
,DeliveryResult,getSkippedDeliveries,getSkippedDeliveries,external
,DeliveryResult,getDistrictDeliveryList,getDistrictDeliveryList,external
,DeliveryResult,setW_id,setW_id,external
,DeliveryResult,setO_carrier_id,setO_carrier_id,external
,DeliveryResult,setSkippedDeliveries,setSkippedDeliveries,external
,DeliveryResult,setDistrictDeliveryList,setDistrictDeliveryList,external
,DistrictDelivery,getDistrict,getDistrict,external
,DistrictDelivery,setDistrict,setDistrict,external
,DistrictDelivery,getOrderid,getOrderid,external
,DistrictDelivery,setOrderid,setOrderid,external
,Order,getO_id,getO_id,external
,Order,setO_id,setO_id,external
,Order,getC_id,getC_id,external
,Order,setC_id,setC_id,external
,Order,getEntdate,getEntdate,external
,Order,setEntdate,setEntdate,external
,Order,getO_carrier_id,getO_carrier_id,external
,Order,setO_carrier_id,setO_carrier_id,external
,Order,getOrderLines,getOrderLines,external
,Order,setOrderLines,setOrderLines,external
,OrderLine,getOl_supply_w_id,getOl_supply_w_id,external
,OrderLine,setOl_supply_w_id,setOl_supply_w_id,external
,OrderLine,getOl_i_id,getOl_i_id,external
,OrderLine,setOl_i_id,setOl_i_id,external
,OrderLine,getOl_quantity,getOl_quantity,external
,OrderLine,setOl_quantity,setOl_quantity,external
,OrderLine,getOl_amount,getOl_amount,external
,OrderLine,setOl_amount,setOl_amount,external
,OrderLine,getOl_delivery_d,getOl_delivery_d,external
,OrderLine,setOl_delivery_d,setOl_delivery_d,external
,OrderLine,toString,toString,external
,PaymentResult,getW_id,getW_id,external
,PaymentResult,getW_street_1,getW_street_1,external
,PaymentResult,getW_street_2,getW_street_2,external
,PaymentResult,getW_city,getW_city,external
,PaymentResult,getW_state,getW_state,external
,PaymentResult,getW_zip,getW_zip,external
,PaymentResult,getD_id,getD_id,external
,PaymentResult,getD_street_1,getD_street_1,external
,PaymentResult,getD_street_2,getD_street_2,external
,PaymentResult,getD_city,getD_city,external
,PaymentResult,getD_state,getD_state,external
,PaymentResult,getD_zip,getD_zip,external
,PaymentResult,getC_id,getC_id,external
,PaymentResult,getC_first,getC_first,external
,PaymentResult,getC_middle,getC_middle,external
,PaymentResult,getC_last,getC_last,external
,PaymentResult,getC_street_1,getC_street_1,external
,PaymentResult,getC_street_2,getC_street_2,external
,PaymentResult,getC_city,getC_city,external
,PaymentResult,getC_state,getC_state,external
,PaymentResult,getC_zip,getC_zip,external
,PaymentResult,getC_since,getC_since,external
,PaymentResult,getC_credit,getC_credit,external
,PaymentResult,getC_discount,getC_discount,external
,PaymentResult,getC_phone,getC_phone,external
,PaymentResult,getH_amount,getH_amount,external
,PaymentResult,getC_credit_lim,getC_credit_lim,external
,PaymentResult,getC_balance,getC_balance,external
,PaymentResult,getC_data,getC_data,external
,PaymentResult,setW_id,setW_id,external
,PaymentResult,setW_street_1,setW_street_1,external
,PaymentResult,setW_street_2,setW_street_2,external
,PaymentResult,setW_city,setW_city,external
,PaymentResult,setW_state,setW_state,external
,PaymentResult,setW_zip,setW_zip,external
,PaymentResult,setD_id,setD_id,external
,PaymentResult,setD_street_1,setD_street_1,external
,PaymentResult,setD_street_2,setD_street_2,external
,PaymentResult,setD_city,setD_city,external
,PaymentResult,setD_state,setD_state,external
,PaymentResult,setD_zip,setD_zip,external
,PaymentResult,setC_id,setC_id,external
,PaymentResult,setC_first,setC_first,external
,PaymentResult,setC_middle,setC_middle,external
,PaymentResult,setC_last,setC_last,external
,PaymentResult,setC_street_1,setC_street_1,external
,PaymentResult,setC_street_2,setC_street_2,external
,PaymentResult,setC_city,setC_city,external
,PaymentResult,setC_state,setC_state,external
,PaymentResult,setC_zip,setC_zip,external
,PaymentResult,setC_since,setC_since,external
,PaymentResult,setC_credit,setC_credit,external
,PaymentResult,setC_discount,setC_discount,external
,PaymentResult,setC_phone,setC_phone,external
,PaymentResult,setH_amount,setH_amount,external
,PaymentResult,setC_credit_lim,setC_credit_lim,external
,PaymentResult,setC_balance,setC_balance,external
,PaymentResult,setC_data,setC_data,external
,ShortOrder,getO_id,getO_id,external
,ShortOrder,setO_id,setO_id,external
,ShortOrder,getTotal_amount,getTotal_amount,external
,ShortOrder,setTotal_amount,setTotal_amount,external
,Delivery_Vx0,deliveryTransaction,deliveryTransaction,external
,Delivery_Vx051,deliveryTransaction,deliveryTransaction,external
,Delivery_Vx075,deliveryTransaction,deliveryTransaction,external
,Delivery_Vx099,deliveryTransaction,deliveryTransaction,external
,Delivery_Vx123,deliveryTransaction,deliveryTransaction,external
,Delivery_Vx138,deliveryTransaction,deliveryTransaction,external
,Delivery_Vx154,deliveryTransaction,deliveryTransaction,external
,Delivery_Vx176,deliveryTransaction,deliveryTransaction,external
,Delivery_VxA,deliveryTransaction,deliveryTransaction,external
,NewOrder_Vx0,newOrderTransaction,newOrderTransaction,external
,NewOrder_Vx056,newOrderTransaction,newOrderTransaction,external
,NewOrder_Vx081,newOrderTransaction,newOrderTransaction,external
,NewOrder_Vx103,newOrderTransaction,newOrderTransaction,external
,NewOrder_Vx119,newOrderTransaction,newOrderTransaction,external
,NewOrder_Vx144,newOrderTransaction,newOrderTransaction,external
,NewOrder_VxA,newOrderTransaction,newOrderTransaction,external
,OrderStatus_Vx0,orderStatusTransaction,orderStatusTransaction,external
,OrderStatus_Vx046,orderStatusTransaction,orderStatusTransaction,external
,OrderStatus_Vx066,orderStatusTransaction,orderStatusTransaction,external
,OrderStatus_Vx096,orderStatusTransaction,orderStatusTransaction,external
,OrderStatus_Vx122,orderStatusTransaction,orderStatusTransaction,external
,OrderStatus_Vx143,orderStatusTransaction,orderStatusTransaction,external
,OrderStatus_VxA,orderStatusTransaction,orderStatusTransaction,external
,Payment_Vx0,paymentTransaction,paymentTransaction,external
,Payment_Vx043,paymentTransaction,paymentTransaction,external
,Payment_Vx057,paymentTransaction,paymentTransaction,external
,Payment_Vx078,paymentTransaction,paymentTransaction,external
,Payment_Vx091,paymentTransaction,paymentTransaction,external
,Payment_Vx115,paymentTransaction,paymentTransaction,external
,Payment_Vx136,paymentTransaction,paymentTransaction,external
,Payment_Vx177,paymentTransaction,paymentTransaction,external
,Payment_Vx212,paymentTransaction,paymentTransaction,external
,Payment_Vx241,paymentTransaction,paymentTransaction,external
,Payment_Vx257,paymentTransaction,paymentTransaction,external
,Payment_Vx290,paymentTransaction,paymentTransaction,external
,Payment_VxA,paymentTransaction,paymentTransaction,external
,StockLevel_Vx0,stockLevelTransaction,stockLevelTransaction,external
,StockLevel_Vx033,stockLevelTransaction,stockLevelTransaction,external
,StockLevel_Vx057,stockLevelTransaction,stockLevelTransaction,external
,StockLevel_VxA,stockLevelTransaction,stockLevelTransaction,external
,AdminUpdate,adminUpdate_Vx0,adminUpdate_Vx0,external
,AdminUpdate,adminUpdate_VxA,adminUpdate_VxA,external
,CreateNewCustomer,createNewCustomer_Vx0,createNewCustomer_Vx0,external
,CreateNewCustomer,createNewCustomer_VxA,createNewCustomer_VxA,external
,CreateNewCustomer,createNewCustomer_Vx078,createNewCustomer_Vx078,external
,CreateNewCustomer,createNewCustomer_Vx103,createNewCustomer_Vx103,external
,CreateNewCustomer,createNewCustomer_Vx113,createNewCustomer_Vx113,external
,CreateNewCustomer,createNewCustomer_Vx132,createNewCustomer_Vx132,external
,CreateShoppingCart,createShoppingCart_Vx0,createShoppingCart_Vx0,external
,CreateShoppingCart,createShoppingCart_VxA,createShoppingCart_VxA,external
,DoAuthorSearch,doAuthorSearch_VxA,doAuthorSearch_VxA,external
,DoAuthorSearch,doAuthorSearch_Vx0,doAuthorSearch_Vx0,external
,DoSubjectSearch,doSubjectSearch_Vx0,doSubjectSearch_Vx0,external
,DoSubjectSearch,doSubjectSearch_VxA,doSubjectSearch_VxA,external
,DoTitleSearch,doTitleSearch_Vx0,doTitleSearch_Vx0,external
,DoTitleSearch,doTitleSearch_VxA,doTitleSearch_VxA,external
,GetBestSellers,getBestSellers_Vx0,getBestSellers_Vx0,external
,GetBestSellers,getBestSellers_VxA,getBestSellers_VxA,external
,GetCustomer,getCustomer_Vx0,getCustomer_Vx0,external
,GetCustomer,getCustomer_VxA,getCustomer_VxA,external
,GetMostRecentOrder,getMostRecentOrder_Vx0,getMostRecentOrder_Vx0,external
,GetMostRecentOrder,getMostRecentOrder_VxA,getMostRecentOrder_VxA,external
,GetNewProducts,getNewProducts_Vx0,getNewProducts_Vx0,external
,GetNewProducts,getNewProducts_VxA,getNewProducts_VxA,external
,GetPassword,getPassword_Vx0,getPassword_Vx0,external
,GetPassword,getPassword_VxA,getPassword_VxA,external
,GetUsername,getUserName_Vx0,getUserName_Vx0,external
,GetUsername,getUserName_VxA,getUserName_VxA,external
,AdminUpdate_Vx0,adminUpdate,adminUpdate,external
,AdminUpdate_VxA,adminUpdate,adminUpdate,external
,CreateNewCustomer_Vx0,createNewCustomer,createNewCustomer,external
,CreateNewCustomer_Vx0,enterAddress,enterAddress,external
,CreateNewCustomer_Vx078,createNewCustomer,createNewCustomer,external
,CreateNewCustomer_Vx078,enterAddress,enterAddress,external
,CreateNewCustomer_Vx103,createNewCustomer,createNewCustomer,external
,CreateNewCustomer_Vx103,enterAddress,enterAddress,external
,CreateNewCustomer_Vx113,createNewCustomer,createNewCustomer,external
,CreateNewCustomer_Vx113,enterAddress,enterAddress,external
,CreateNewCustomer_Vx132,createNewCustomer,createNewCustomer,external
,CreateNewCustomer_Vx132,enterAddress,enterAddress,external
,CreateNewCustomer_VxA,createNewCustomer,createNewCustomer,external
,CreateNewCustomer_VxA,enterAddress,enterAddress,external
,CreateShoppingCart_Vx0,createShoppingCart,createShoppingCart,external
,CreateShoppingCart_Vx0,createEmptyCart,createEmptyCart,external
,CreateShoppingCart_Vx0,doCart,doCart,external
,CreateShoppingCart_Vx0,addItem,addItem,external
,CreateShoppingCart_Vx0,refreshCart,refreshCart,external
,CreateShoppingCart_Vx0,addRandomItemToCartIfNecessary,addRandomItemToCartIfNecessary,external
,CreateShoppingCart_Vx0,getRelated1,getRelated1,external
,CreateShoppingCart_Vx0,resetCartTime,resetCartTime,external
,CreateShoppingCart_Vx0,getCart,getCart,external
,CreateShoppingCart_VxA,createShoppingCart,createShoppingCart,external
,CreateShoppingCart_VxA,createEmptyCart,createEmptyCart,external
,CreateShoppingCart_VxA,doCart,doCart,external
,CreateShoppingCart_VxA,addItem,addItem,external
,CreateShoppingCart_VxA,refreshCart,refreshCart,external
,CreateShoppingCart_VxA,addRandomItemToCartIfNecessary,addRandomItemToCartIfNecessary,external
,CreateShoppingCart_VxA,getRelated1,getRelated1,external
,CreateShoppingCart_VxA,resetCartTime,resetCartTime,external
,CreateShoppingCart_VxA,getCart,getCart,external
,DoAuthorSearch_Vx0,doAuthorSearch,doAuthorSearch,external
,DoAuthorSearch_VxA,doAuthorSearch,doAuthorSearch,external
,DoSubjectSearch_Vx0,doSubjectSearch,doSubjectSearch,external
,DoSubjectSearch_VxA,doSubjectSearch,doSubjectSearch,external
,DoTitleSearch_Vx0,doTitleSearch,doTitleSearch,external
,DoTitleSearch_VxA,doTitleSearch,doTitleSearch,external
,GetBestSellers_Vx0,getBestSellers,getBestSellers,external
,GetBestSellers_VxA,getBestSellers,getBestSellers,external
,GetCustomer_Vx0,getCustomer,getCustomer,external
,GetCustomer_VxA,getCustomer,getCustomer,external
,GetMostRecentOrder_Vx0,getMostRecentOrder,getMostRecentOrder,external
,GetMostRecentOrder_VxA,getMostRecentOrder,getMostRecentOrder,external
,GetNewProducts_Vx0,getNewProducts,getNewProducts,external
,GetNewProducts_VxA,getNewProducts,getNewProducts,external
,GetPassword_Vx0,getPassword,getPassword,external
,GetPassword_VxA,getPassword,getPassword,external
,GetUsername_Vx0,getUserName,getUserName,external
,GetUsername_VxA,getUserName,getUserName,external
,TPCWUtil,DigSyl,DigSyl,external
,TPCWUtil,formatDate,formatDate,external
,TPCWUtil,getRandomI_ID,getRandomI_ID,external
,Database,pickConnection,pickConnection,external
,Database,relaseConnection,relaseConnection,external
,Database,createStatement,createStatement,external
,Logging,info,info,external
,Logging,trace,trace,external
